"Timestamp","Total score","Which of these is not a way to reduce your risk of contracting STIs?","Which of these is not a way to reduce your risk of contracting STIs? [Score]","Which of these is not a way to reduce your risk of contracting STIs? [Feedback]","Which of the following are valid ways of judging consent?","Which of the following are valid ways of judging consent? [Score]","Which of the following are valid ways of judging consent? [Feedback]","Masturbation can cause the following:","Masturbation can cause the following: [Score]","Masturbation can cause the following: [Feedback]","Do birth control pills protect against STIs?","Do birth control pills protect against STIs? [Score]","Do birth control pills protect against STIs? [Feedback]","What is a Pap smear?","What is a Pap smear? [Score]","What is a Pap smear? [Feedback]","What's the difference between sex, gender, and gender identity?","What's the difference between sex, gender, and gender identity? [Score]","What's the difference between sex, gender, and gender identity? [Feedback]","Do all STIs have symptoms?","Do all STIs have symptoms? [Score]","Do all STIs have symptoms? [Feedback]"
"2019/04/29 3:42:59 PM GMT","0.00 / 0","Spermicide","0.00 / 0","Good job, you got it right!","Asking your partner ""Is this OK?"" when the type of sexual activity changes;Getting explicit agreement and or/strong physical cues that they are comfortable with what's happening","0.00 / 0","Good job, you got it right!","None of the above","0.00 / 0","Good job, you got it right!","No","0.00 / 0","Good job, you got it right!","A test carried out on the cervix","0.00 / 0","Good job, you got it right!","I don't think there's a big difference between gender and gender identity. Maybe gender identity is more about how you express your gender and gender is the actual label. Sex refers to the biological spectrum/dichotomy of identities.","-- / 0","","No","0.00 / 0","Good job, you got it right!"
"2019/04/29 3:46:44 PM GMT","0.00 / 0","Vaccination","0.00 / 0","Spermicide with nonoxynol-9 does not protect against HIV, and can even increase the risk, according to WHO.","Asking your partner ""Is this OK?"" when the type of sexual activity changes;Getting explicit agreement and or/strong physical cues that they are comfortable with what's happening","0.00 / 0","Good job, you got it right!","None of the above","0.00 / 0","Good job, you got it right!","No","0.00 / 0","Good job, you got it right!","A test carried out on the cervix","0.00 / 0","Good job, you got it right!","i could write paragraphs about this","-- / 0","","No","0.00 / 0","Good job, you got it right!"
"2019/05/05 11:12:40 PM GMT","0.00 / 0","Spermicide","0.00 / 0","Good job, you got it right!","Asking your partner ""Is this OK?"" when the type of sexual activity changes;Getting explicit agreement and or/strong physical cues that they are comfortable with what's happening","0.00 / 0","Good job, you got it right!","None of the above","0.00 / 0","Good job, you got it right!","No","0.00 / 0","Good job, you got it right!","A test carried out on the cervix","0.00 / 0","Good job, you got it right!","","-- / 0","","No","0.00 / 0","Good job, you got it right!"
"2019/05/07 12:21:12 PM GMT","0.00 / 0","Spermicide","0.00 / 0","Good job, you got it right!","Getting explicit agreement and or/strong physical cues that they are comfortable with what's happening","0.00 / 0","Flirting or kissing is not consent for anything more than flirting kissing. Changing the type of sexual activity requires affirmative consent and confirmation.

Not saying no is not enough, given that people can feel deeply uncomfortable or be incapacitated due to things like alcohol and be unable to protest. 

Previous sexual activity between you is not a permanent license for consent. Consent must be enthusiastically given each time you engage in sexual activity.","None of the above","0.00 / 0","Good job, you got it right!","No","0.00 / 0","Good job, you got it right!","A test carried out on the cervix","0.00 / 0","Good job, you got it right!","i dont wanna get into this right now","-- / 0","","No","0.00 / 0","Good job, you got it right!"